sale_line_id,transaction_id,sale_date,store_id,product_id,channel_id,promotion_id,quantity,unit_price_sale
L00071,T10071,2026-01-01,S02,P011,C01,PR10,4,107100
L00226,T10226,2026-01-01,S02,P014,C01,PR00,2,513600
L00291,T10291,2026-01-01,S01,P016,C01,PR00,2,429100
L00073,T10073,2026-01-02,S01,P012,C01,PR10,3,254000
L00155,T10155,2026-01-02,S03,P010,C02,PR10,3,1286500
L00973,T10973,2026-01-02,S01,P013,C01,PR00,1,190800
L00976,T10976,2026-01-02,S02,P009,C01,PR00,2,1536900
L00271,T10271,2026-01-03,S01,P020,C01,PR10,1,143800
L00513,T10513,2026-01-03,S01,P016,C01,PR00,2,425000
L00999,T10999,2026-01-03,S02,P001,C01,PR00,4,2607400
L00275,T10275,2026-01-04,S01,P016,C01,PR10,2,392300
L00450,T10450,2026-01-04,S02,P010,C01,PR00,2,1468300
L00612,T10612,2026-01-04,S02,P013,C01,PR00,1,192200
L00678,T10678,2026-01-04,S03,P003,C02,PR00,1,4193800
L00723,T10723,2026-01-04,S02,P012,C01,PR00,3,280700
L00116,T10116,2026-01-05,S02,P008,C01,PR00,2,966100
L00163,T10163,2026-01-05,S02,P009,C01,PR00,2,1539600
L00395,T10395,2026-01-05,S02,P020,C01,PR10,1,143600
L00610,T10610,2026-01-05,S01,P020,C01,PR15,4,135400
L00853,T10853,2026-01-05,S03,P013,C02,PR15,1,162400
L00193,T10193,2026-01-06,S02,P011,C01,PR00,1,118700
L00674,T10674,2026-01-06,S02,P018,C01,PR00,1,177600
L00716,T10716,2026-01-06,S02,P018,C01,PR00,3,179900
L00788,T10788,2026-01-06,S02,P016,C01,PR00,1,430900
L00158,T10158,2026-01-07,S02,P001,C01,PR10,3,2324400
L00319,T10319,2026-01-07,S01,P008,C01,PR00,1,976100
L00347,T10347,2026-01-07,S01,P020,C01,PR00,1,161700
L00877,T10877,2026-01-07,S01,P003,C01,PR00,1,4206400
L00913,T10913,2026-01-07,S02,P016,C01,PR00,1,423700
L00936,T10936,2026-01-07,S03,P006,C02,PR20,1,1427200
L00304,T10304,2026-01-08,S02,P015,C01,PR20,1,191700
L00691,T10691,2026-01-08,S01,P019,C01,PR00,1,458400
L00745,T10745,2026-01-08,S02,P011,C01,PR10,1,109400
L00020,T10020,2026-01-09,S01,P009,C01,PR00,1,1560700
L00160,T10160,2026-01-09,S01,P013,C01,PR00,1,189100
L00340,T10340,2026-01-09,S01,P019,C01,PR10,3,412300
L00371,T10371,2026-01-09,S01,P014,C01,PR10,2,462200
L00656,T10656,2026-01-09,S02,P011,C01,PR00,4,120300
L00736,T10736,2026-01-09,S01,P017,C01,PR00,1,354300
L00812,T10812,2026-01-09,S01,P016,C01,PR00,3,435000
L00871,T10871,2026-01-09,S02,P003,C01,PR00,2,4239200
L00028,T10028,2026-01-10,S03,P003,C02,PR00,1,4156300
L00128,T10128,2026-01-10,S01,P013,C01,PR10,2,170400
L00139,T10139,2026-01-10,S02,P017,C01,PR00,1,350600
L00143,T10143,2026-01-10,S02,P019,C01,PR00,2,458100
L00164,T10164,2026-01-10,S01,P007,C01,PR00,2,1339500
L00917,T10917,2026-01-10,S03,P012,C02,PR15,1,236800
L00085,T10085,2026-01-11,S03,P015,C02,PR00,1,237900
L00290,T10290,2026-01-11,S03,P011,C02,PR10,5,106600
L00317,T10317,2026-01-11,S02,P004,C01,PR00,1,1871700
L00817,T10817,2026-01-11,S02,P016,C01,PR10,1,387000
L00066,T10066,2026-01-12,S01,P017,C01,PR00,2,349800
L00121,T10121,2026-01-12,S01,P007,C01,PR00,3,1336400
L00244,T10244,2026-01-12,S03,P014,C02,PR00,1,521100
L00335,T10335,2026-01-12,S03,P017,C02,PR00,1,346200
L00481,T10481,2026-01-12,S02,P008,C01,PR00,1,970100
L00532,T10532,2026-01-12,S02,P018,C01,PR00,1,179700
L00629,T10629,2026-01-12,S02,P014,C01,PR00,3,520900
L00642,T10642,2026-01-12,S01,P011,C01,PR10,1,108100
L00961,T10961,2026-01-12,S01,P012,C01,PR00,2,277800
L00700,T10700,2026-01-13,S03,P020,C02,PR00,1,159200
L00719,T10719,2026-01-13,S01,P019,C01,PR00,1,461800
L00100,T10100,2026-01-14,S01,P018,C01,PR00,1,181700
L00333,T10333,2026-01-14,S01,P003,C01,PR00,1,4222900
L00781,T10781,2026-01-14,S03,P011,C02,PR15,1,101500
L00082,T10082,2026-01-15,S02,P014,C01,PR15,3,440000
L00301,T10301,2026-01-15,S02,P019,C01,PR00,1,461600
L00615,T10615,2026-01-15,S01,P011,C01,PR20,1,97200
L00223,T10223,2026-01-16,S03,P015,C02,PR15,1,201400
L00251,T10251,2026-01-16,S02,P014,C01,PR00,2,521400
L00639,T10639,2026-01-16,S03,P009,C02,PR00,1,1534100
L00878,T10878,2026-01-16,S03,P014,C02,PR10,1,474700
L00086,T10086,2026-01-17,S03,P003,C02,PR15,3,3538600
L00151,T10151,2026-01-17,S01,P007,C01,PR00,1,1361300
L00329,T10329,2026-01-17,S01,P015,C01,PR20,1,191100
L00862,T10862,2026-01-17,S03,P016,C02,PR15,2,367000
L00048,T10048,2026-01-18,S02,P012,C01,PR00,1,278400
L00839,T10839,2026-01-18,S02,P019,C01,PR10,2,410100
L00070,T10070,2026-01-19,S01,P019,C01,PR10,1,420000
L00323,T10323,2026-01-19,S03,P004,C02,PR15,3,1630500
L00770,T10770,2026-01-19,S02,P014,C01,PR00,1,519600
L00807,T10807,2026-01-19,S02,P015,C01,PR00,1,237000
L00206,T10206,2026-01-20,S01,P008,C01,PR00,3,971000
L00255,T10255,2026-01-20,S01,P016,C01,PR00,3,433700
L00619,T10619,2026-01-20,S03,P007,C02,PR10,1,1230200
L00124,T10124,2026-01-21,S02,P012,C01,PR10,1,251400
L00277,T10277,2026-01-21,S03,P018,C02,PR15,1,153500
L00413,T10413,2026-01-21,S02,P014,C01,PR00,1,514100
L00535,T10535,2026-01-21,S01,P015,C01,PR00,3,239900
L00996,T10996,2026-01-21,S03,P015,C02,PR00,1,243000
L00409,T10409,2026-01-22,S03,P004,C02,PR10,1,1706300
L00634,T10634,2026-01-22,S02,P006,C01,PR15,1,1515000
L00898,T10898,2026-01-22,S03,P020,C02,PR15,3,136100
L00009,T10009,2026-01-23,S03,P020,C02,PR15,2,136100
L00077,T10077,2026-01-23,S03,P018,C02,PR15,2,154600
L00095,T10095,2026-01-23,S02,P018,C01,PR00,4,178000
L00098,T10098,2026-01-23,S03,P008,C02,PR00,2,977900
L00174,T10174,2026-01-23,S01,P019,C01,PR10,4,413000
L00354,T10354,2026-01-23,S03,P019,C02,PR10,5,416700
L00366,T10366,2026-01-23,S02,P014,C01,PR00,1,526400
L00874,T10874,2026-01-23,S01,P018,C01,PR00,2,177700
L00987,T10987,2026-01-23,S03,P019,C02,PR15,2,390300
L00287,T10287,2026-01-24,S01,P020,C01,PR00,3,158400
L00324,T10324,2026-01-24,S01,P018,C01,PR00,2,179900
L00521,T10521,2026-01-24,S03,P015,C02,PR00,2,242900
L00170,T10170,2026-01-25,S03,P015,C02,PR00,1,239600
L00246,T10246,2026-01-25,S02,P006,C01,PR00,1,1798600
L00659,T10659,2026-01-25,S01,P002,C01,PR15,2,3238500
L00709,T10709,2026-01-25,S02,P012,C01,PR00,1,279200
L00923,T10923,2026-01-25,S01,P011,C01,PR00,2,121700
L00508,T10508,2026-01-26,S01,P009,C01,PR00,1,1546000
L00863,T10863,2026-01-26,S03,P004,C02,PR00,1,1910000
L00042,T10042,2026-01-27,S03,P011,C02,PR20,3,96800
L00487,T10487,2026-01-27,S03,P016,C02,PR00,1,430900
L00181,T10181,2026-01-28,S01,P015,C01,PR00,3,242900
L00187,T10187,2026-01-28,S01,P015,C01,PR00,1,236800
L00772,T10772,2026-01-28,S02,P006,C01,PR00,1,1777000
L00783,T10783,2026-01-28,S03,P009,C02,PR20,2,1224200
L00162,T10162,2026-01-29,S01,P002,C01,PR10,1,3372000
L00536,T10536,2026-01-29,S01,P018,C01,PR00,1,180300
L00587,T10587,2026-01-29,S01,P014,C01,PR00,1,524200
L00943,T10943,2026-01-29,S02,P008,C01,PR00,2,994100
L00949,T10949,2026-01-29,S01,P016,C01,PR00,1,433100
L00125,T10125,2026-01-30,S01,P001,C01,PR00,2,2628900
L00843,T10843,2026-01-30,S01,P019,C01,PR00,1,455800
L00998,T10998,2026-01-30,S03,P015,C02,PR10,3,218800
L00365,T10365,2026-01-31,S03,P019,C02,PR00,2,453500
L00670,T10670,2026-01-31,S03,P010,C02,PR10,2,1297700
L00880,T10880,2026-01-31,S03,P014,C02,PR10,1,472000
L00269,T10269,2026-02-01,S03,P002,C02,PR15,1,3231800
L00274,T10274,2026-02-01,S03,P008,C02,PR15,1,843100
L00476,T10476,2026-02-01,S03,P009,C02,PR15,1,1326200
L00541,T10541,2026-02-01,S03,P016,C02,PR00,4,436300
L00647,T10647,2026-02-01,S02,P020,C01,PR00,3,160800
L00053,T10053,2026-02-02,S02,P015,C01,PR00,2,242600
L00232,T10232,2026-02-02,S01,P016,C01,PR20,1,346400
L00383,T10383,2026-02-02,S02,P003,C01,PR00,1,4167700
L00452,T10452,2026-02-02,S03,P020,C02,PR10,1,143100
L00732,T10732,2026-02-02,S02,P014,C01,PR00,1,516100
L00798,T10798,2026-02-02,S03,P017,C02,PR00,1,348000
L00062,T10062,2026-02-03,S02,P011,C01,PR10,1,107100
L00416,T10416,2026-02-03,S02,P007,C01,PR10,1,1228300
L00457,T10457,2026-02-03,S01,P017,C01,PR00,1,344900
L00569,T10569,2026-02-03,S01,P015,C01,PR15,1,205600
L00690,T10690,2026-02-03,S01,P010,C01,PR00,3,1455200
L00799,T10799,2026-02-03,S02,P018,C01,PR00,3,177900
L00870,T10870,2026-02-03,S01,P012,C01,PR00,1,277700
L00899,T10899,2026-02-03,S03,P016,C02,PR15,2,362400
L00013,T10013,2026-02-04,S02,P003,C01,PR00,1,4252800
L00111,T10111,2026-02-04,S03,P001,C02,PR10,2,2306900
L00542,T10542,2026-02-04,S02,P017,C01,PR00,2,352500
L00554,T10554,2026-02-04,S03,P001,C02,PR00,1,2596000
L00597,T10597,2026-02-04,S03,P013,C02,PR00,1,189700
L00604,T10604,2026-02-04,S03,P016,C02,PR10,2,383200
L00618,T10618,2026-02-04,S01,P019,C01,PR10,4,413700
L00810,T10810,2026-02-04,S01,P020,C01,PR10,1,142900
L00034,T10034,2026-02-05,S02,P014,C01,PR10,1,472800
L00218,T10218,2026-02-05,S01,P010,C01,PR20,2,1144300
L00402,T10402,2026-02-05,S01,P001,C01,PR10,4,2356600
L00669,T10669,2026-02-05,S01,P011,C01,PR20,2,94600
L00693,T10693,2026-02-05,S01,P015,C01,PR00,1,238400
L00728,T10728,2026-02-05,S03,P020,C02,PR15,1,134300
L00285,T10285,2026-02-06,S03,P020,C02,PR00,1,161700
L00375,T10375,2026-02-06,S02,P018,C01,PR10,1,162600
L00490,T10490,2026-02-06,S03,P018,C02,PR20,1,142600
L00741,T10741,2026-02-06,S01,P015,C01,PR10,3,215700
L00797,T10797,2026-02-06,S01,P010,C01,PR00,2,1462300
L00169,T10169,2026-02-07,S03,P017,C02,PR15,2,296500
L00806,T10806,2026-02-07,S03,P016,C02,PR15,3,360600
L00992,T10992,2026-02-07,S01,P012,C01,PR00,5,276900
L00057,T10057,2026-02-08,S02,P007,C01,PR10,2,1202400
L00252,T10252,2026-02-08,S03,P015,C02,PR15,4,202600
L00446,T10446,2026-02-08,S01,P018,C01,PR00,2,180500
L00575,T10575,2026-02-08,S03,P007,C02,PR15,1,1144500
L00828,T10828,2026-02-08,S02,P013,C01,PR00,1,190000
L00910,T10910,2026-02-08,S03,P019,C02,PR00,1,465200
L00925,T10925,2026-02-08,S02,P020,C01,PR10,2,143000
L00051,T10051,2026-02-09,S02,P013,C01,PR10,4,169300
L00146,T10146,2026-02-09,S02,P015,C01,PR10,2,216800
L00242,T10242,2026-02-09,S02,P017,C01,PR00,1,346100
L00315,T10315,2026-02-09,S02,P018,C01,PR00,1,181400
L00468,T10468,2026-02-09,S03,P013,C02,PR15,3,162500
L00590,T10590,2026-02-09,S01,P012,C01,PR10,1,250900
L00938,T10938,2026-02-09,S02,P011,C01,PR00,2,120800
L00149,T10149,2026-02-10,S01,P006,C01,PR00,1,1775100
L00201,T10201,2026-02-10,S03,P013,C02,PR00,1,189400
L00548,T10548,2026-02-10,S01,P009,C01,PR00,1,1527800
L00648,T10648,2026-02-10,S03,P012,C02,PR00,2,279800
L00105,T10105,2026-02-11,S02,P012,C01,PR10,2,254800
L00475,T10475,2026-02-11,S01,P017,C01,PR00,2,350800
L00500,T10500,2026-02-11,S02,P015,C01,PR20,1,194600
L00186,T10186,2026-02-12,S03,P011,C02,PR15,1,102900
L00376,T10376,2026-02-12,S01,P009,C01,PR00,1,1552500
L00391,T10391,2026-02-12,S02,P018,C01,PR10,4,163300
L00570,T10570,2026-02-12,S03,P014,C02,PR00,1,523400
L00653,T10653,2026-02-12,S02,P014,C01,PR20,2,413900
L00820,T10820,2026-02-12,S01,P007,C01,PR00,1,1331500
L00888,T10888,2026-02-12,S02,P008,C01,PR00,2,966100
L00341,T10341,2026-02-13,S03,P010,C02,PR15,1,1247300
L00489,T10489,2026-02-13,S02,P012,C01,PR00,1,282000
L00578,T10578,2026-02-13,S03,P014,C02,PR10,3,461900
L00881,T10881,2026-02-13,S03,P013,C02,PR00,1,192700
L00975,T10975,2026-02-13,S02,P015,C01,PR00,1,240500
L00991,T10991,2026-02-13,S02,P013,C01,PR00,1,188500
L00091,T10091,2026-02-14,S03,P017,C02,PR20,3,280200
L00142,T10142,2026-02-14,S01,P011,C01,PR00,1,120200
L00430,T10430,2026-02-14,S01,P013,C01,PR10,2,170900
L00769,T10769,2026-02-14,S01,P016,C01,PR00,1,433600
L00805,T10805,2026-02-14,S03,P013,C02,PR15,2,160700
L00377,T10377,2026-02-15,S03,P019,C02,PR00,2,461400
L00406,T10406,2026-02-15,S03,P020,C02,PR20,2,127800
L00273,T10273,2026-02-16,S03,P010,C02,PR10,2,1311200
L00312,T10312,2026-02-16,S01,P013,C01,PR00,2,188600
L00593,T10593,2026-02-16,S03,P002,C02,PR00,5,3791200
L00813,T10813,2026-02-16,S01,P007,C01,PR00,5,1357500
L00918,T10918,2026-02-16,S01,P012,C01,PR00,1,283900
L00982,T10982,2026-02-16,S03,P007,C02,PR00,2,1368900
L00031,T10031,2026-02-17,S01,P016,C01,PR20,1,341900
L00282,T10282,2026-02-17,S03,P008,C02,PR15,2,836500
L00369,T10369,2026-02-17,S02,P017,C01,PR10,3,313200
L00398,T10398,2026-02-17,S02,P008,C01,PR00,1,972100
L00431,T10431,2026-02-17,S01,P012,C01,PR00,1,277000
L00470,T10470,2026-02-17,S02,P014,C01,PR00,1,521600
L00552,T10552,2026-02-17,S03,P018,C02,PR15,1,154500
L00733,T10733,2026-02-17,S01,P006,C01,PR10,2,1640200
L00760,T10760,2026-02-17,S03,P011,C02,PR00,1,120600
L00841,T10841,2026-02-17,S02,P012,C01,PR20,1,222600
L00894,T10894,2026-02-17,S01,P014,C01,PR00,1,526600
L00914,T10914,2026-02-17,S01,P010,C01,PR00,1,1465400
L00421,T10421,2026-02-18,S02,P018,C01,PR00,1,180100
L00668,T10668,2026-02-18,S02,P014,C01,PR00,3,520900
L00089,T10089,2026-02-19,S01,P016,C01,PR00,2,423700
L00197,T10197,2026-02-19,S01,P009,C01,PR20,1,1229500
L00294,T10294,2026-02-19,S02,P006,C01,PR00,1,1814200
L00638,T10638,2026-02-19,S02,P005,C01,PR00,5,2332300
L00056,T10056,2026-02-20,S03,P001,C02,PR00,2,2586500
L00286,T10286,2026-02-20,S03,P015,C02,PR15,1,206900
L00346,T10346,2026-02-20,S03,P015,C02,PR15,1,206500
L00420,T10420,2026-02-20,S01,P016,C01,PR00,2,425800
L00592,T10592,2026-02-20,S02,P003,C01,PR00,2,4202300
L00764,T10764,2026-02-20,S03,P017,C02,PR00,1,349300
L00860,T10860,2026-02-20,S01,P009,C01,PR00,1,1561800
L00983,T10983,2026-02-20,S03,P004,C02,PR00,1,1913600
L00036,T10036,2026-02-21,S02,P014,C01,PR10,1,473700
L00385,T10385,2026-02-21,S02,P017,C01,PR00,1,354600
L00441,T10441,2026-02-21,S01,P008,C01,PR10,2,871600
L00855,T10855,2026-02-21,S03,P014,C02,PR10,5,472300
L00867,T10867,2026-02-21,S03,P002,C02,PR15,2,3222800
L00952,T10952,2026-02-21,S03,P011,C02,PR10,1,109400
L00237,T10237,2026-02-22,S03,P020,C02,PR15,1,134800
L00447,T10447,2026-02-22,S03,P014,C02,PR10,1,469400
L00840,T10840,2026-02-22,S03,P013,C02,PR00,2,191900
L00021,T10021,2026-02-23,S02,P016,C01,PR00,1,426900
L00289,T10289,2026-02-23,S02,P016,C01,PR00,3,435600
L00796,T10796,2026-02-23,S02,P008,C01,PR00,2,979500
L00024,T10024,2026-02-24,S01,P012,C01,PR00,1,283000
L00052,T10052,2026-02-24,S03,P014,C02,PR00,1,514900
L00092,T10092,2026-02-24,S02,P003,C01,PR00,1,4197900
L00104,T10104,2026-02-24,S03,P009,C02,PR20,1,1257400
L00221,T10221,2026-02-24,S02,P019,C01,PR00,2,463200
L00439,T10439,2026-02-24,S01,P007,C01,PR15,3,1164200
L00539,T10539,2026-02-25,S02,P003,C01,PR15,1,3586100
L00640,T10640,2026-02-25,S03,P010,C02,PR00,2,1466200
L00886,T10886,2026-02-25,S03,P004,C02,PR00,1,1903200
L00440,T10440,2026-02-26,S01,P011,C01,PR00,2,121100
L00731,T10731,2026-02-26,S03,P014,C02,PR15,2,436900
L00292,T10292,2026-02-27,S01,P005,C01,PR00,1,2322600
L00727,T10727,2026-02-27,S03,P020,C02,PR00,1,158700
L00628,T10628,2026-02-28,S01,P016,C01,PR10,3,386200
L00663,T10663,2026-02-28,S03,P020,C02,PR10,1,142700
L00017,T10017,2026-03-01,S03,P018,C02,PR20,2,142900
L00404,T10404,2026-03-01,S03,P015,C02,PR15,1,206100
L00429,T10429,2026-03-01,S02,P019,C01,PR10,1,414000
L00479,T10479,2026-03-01,S02,P002,C01,PR00,3,3774500
L00496,T10496,2026-03-01,S03,P008,C02,PR00,2,977900
L00666,T10666,2026-03-01,S03,P014,C02,PR15,1,445500
L00093,T10093,2026-03-02,S03,P014,C02,PR00,1,526200
L00185,T10185,2026-03-02,S01,P008,C01,PR10,1,886000
L00276,T10276,2026-03-02,S02,P009,C01,PR00,1,1535000
L00026,T10026,2026-03-03,S01,P006,C01,PR00,3,1821000
L00616,T10616,2026-03-03,S02,P011,C01,PR00,1,118900
L00749,T10749,2026-03-03,S01,P014,C01,PR00,1,523700
L00897,T10897,2026-03-03,S02,P007,C01,PR00,1,1330100
L00065,T10065,2026-03-04,S02,P014,C01,PR00,3,521800
L00119,T10119,2026-03-04,S02,P011,C01,PR00,2,121300
L00306,T10306,2026-03-04,S03,P007,C02,PR20,4,1079300
L00419,T10419,2026-03-04,S03,P002,C02,PR00,2,3827200
L00527,T10527,2026-03-04,S01,P006,C01,PR00,3,1778600
L00591,T10591,2026-03-04,S03,P017,C02,PR00,1,347400
L00714,T10714,2026-03-04,S01,P014,C01,PR00,1,514300
L00746,T10746,2026-03-04,S02,P018,C01,PR00,1,180300
L00784,T10784,2026-03-04,S01,P003,C01,PR10,5,3766900
L00953,T10953,2026-03-04,S03,P012,C02,PR00,1,280200
L00203,T10203,2026-03-05,S01,P015,C01,PR20,1,190900
L00243,T10243,2026-03-05,S01,P009,C01,PR00,1,1552400
L00355,T10355,2026-03-05,S02,P015,C01,PR00,1,237000
L00379,T10379,2026-03-05,S02,P001,C01,PR00,1,2572300
L00581,T10581,2026-03-05,S03,P011,C02,PR00,3,119000
L00715,T10715,2026-03-05,S01,P011,C01,PR00,2,121000
L00002,T10002,2026-03-06,S01,P018,C01,PR00,1,177500
L00190,T10190,2026-03-06,S03,P006,C02,PR00,1,1778600
L00342,T10342,2026-03-06,S03,P019,C02,PR00,1,461600
L00831,T10831,2026-03-06,S03,P008,C02,PR15,2,827300
L00849,T10849,2026-03-06,S03,P015,C02,PR15,1,203200
L00935,T10935,2026-03-06,S02,P014,C01,PR00,1,512800
L00537,T10537,2026-03-07,S03,P006,C02,PR15,3,1521700
L00556,T10556,2026-03-07,S02,P020,C01,PR00,1,161300
L00818,T10818,2026-03-07,S03,P016,C02,PR15,1,362100
L00822,T10822,2026-03-07,S03,P016,C02,PR15,1,366500
L00003,T10003,2026-03-08,S03,P018,C02,PR10,5,161800
L00388,T10388,2026-03-08,S02,P006,C01,PR15,1,1540700
L00528,T10528,2026-03-08,S01,P012,C01,PR00,1,279400
L00643,T10643,2026-03-08,S02,P007,C01,PR00,1,1334100
L00713,T10713,2026-03-08,S03,P008,C02,PR00,1,974500
L00834,T10834,2026-03-08,S02,P011,C01,PR00,1,119500
L00845,T10845,2026-03-08,S02,P012,C01,PR00,1,278500
L00449,T10449,2026-03-09,S02,P003,C01,PR00,3,4174600
L00459,T10459,2026-03-09,S01,P018,C01,PR00,1,177500
L00509,T10509,2026-03-09,S01,P011,C01,PR10,1,109400
L00602,T10602,2026-03-09,S03,P015,C02,PR00,3,238100
L00779,T10779,2026-03-09,S02,P014,C01,PR00,2,514000
L00869,T10869,2026-03-09,S01,P020,C01,PR10,1,145400
L00461,T10461,2026-03-10,S03,P015,C02,PR10,2,216500
L00641,T10641,2026-03-10,S01,P017,C01,PR00,4,353100
L00708,T10708,2026-03-10,S02,P006,C01,PR00,4,1788800
L00720,T10720,2026-03-10,S02,P012,C01,PR00,4,279000
L00154,T10154,2026-03-11,S03,P015,C02,PR20,1,192600
L00224,T10224,2026-03-11,S02,P019,C01,PR00,1,455100
L00467,T10467,2026-03-11,S01,P010,C01,PR00,2,1430100
L00802,T10802,2026-03-11,S03,P006,C02,PR00,1,1823200
L00941,T10941,2026-03-11,S02,P012,C01,PR00,3,277600
L00362,T10362,2026-03-12,S03,P007,C02,PR15,2,1156600
L00543,T10543,2026-03-12,S01,P007,C01,PR00,2,1340200
L00565,T10565,2026-03-12,S02,P006,C01,PR00,2,1825900
L00900,T10900,2026-03-12,S01,P011,C01,PR10,3,107700
L00165,T10165,2026-03-13,S02,P007,C01,PR00,1,1342000
L00256,T10256,2026-03-13,S01,P013,C01,PR00,1,192000
L00296,T10296,2026-03-13,S03,P006,C02,PR00,1,1781600
L00349,T10349,2026-03-13,S02,P020,C01,PR00,1,158100
L00361,T10361,2026-03-13,S03,P011,C02,PR00,1,121300
L00721,T10721,2026-03-13,S01,P017,C01,PR00,2,351900
L00787,T10787,2026-03-13,S03,P017,C02,PR15,1,297000
L00919,T10919,2026-03-13,S02,P014,C01,PR00,1,519900
L00921,T10921,2026-03-14,S02,P012,C01,PR10,2,254500
L00928,T10928,2026-03-14,S03,P006,C02,PR15,2,1528100
L00027,T10027,2026-03-15,S02,P005,C01,PR10,1,2040600
L00308,T10308,2026-03-15,S03,P013,C02,PR10,3,172500
L00836,T10836,2026-03-15,S02,P013,C01,PR10,1,172500
L00198,T10198,2026-03-16,S01,P007,C01,PR10,4,1198400
L00245,T10245,2026-03-16,S01,P008,C01,PR10,1,887800
L00351,T10351,2026-03-16,S02,P011,C01,PR00,1,118700
L00382,T10382,2026-03-16,S02,P012,C01,PR10,1,250800
L00412,T10412,2026-03-16,S03,P011,C02,PR00,1,120500
L00010,T10010,2026-03-17,S02,P010,C01,PR10,2,1292100
L00059,T10059,2026-03-17,S01,P001,C01,PR00,1,2604100
L00084,T10084,2026-03-17,S01,P007,C01,PR10,2,1212200
L00314,T10314,2026-03-17,S03,P019,C02,PR15,1,388900
L00580,T10580,2026-03-17,S03,P020,C02,PR00,1,158300
L00582,T10582,2026-03-17,S03,P014,C02,PR10,1,461100
L00814,T10814,2026-03-17,S02,P012,C01,PR00,1,280300
L00054,T10054,2026-03-18,S03,P016,C02,PR00,1,433600
L00239,T10239,2026-03-18,S03,P015,C02,PR15,1,203600
L00485,T10485,2026-03-18,S01,P007,C01,PR10,1,1209000
L00512,T10512,2026-03-18,S02,P013,C01,PR00,1,190600
L00571,T10571,2026-03-18,S03,P010,C02,PR00,1,1438600
L00717,T10717,2026-03-18,S03,P013,C02,PR00,2,188300
L00106,T10106,2026-03-19,S02,P005,C01,PR00,1,2305200
L00145,T10145,2026-03-19,S03,P015,C02,PR00,3,237000
L00339,T10339,2026-03-19,S03,P011,C02,PR10,2,107800
L00520,T10520,2026-03-19,S03,P012,C02,PR10,1,255000
L00547,T10547,2026-03-19,S01,P001,C01,PR00,1,2631800
L00617,T10617,2026-03-19,S02,P014,C01,PR00,2,516900
L00872,T10872,2026-03-19,S02,P001,C01,PR00,2,2600800
L00182,T10182,2026-03-20,S02,P014,C01,PR10,2,473000
L00261,T10261,2026-03-20,S02,P004,C01,PR10,5,1733500
L00600,T10600,2026-03-20,S03,P018,C02,PR00,1,182400
L00718,T10718,2026-03-20,S02,P018,C01,PR00,1,182400
L00903,T10903,2026-03-20,S02,P011,C01,PR00,1,120100
L00090,T10090,2026-03-21,S03,P013,C02,PR15,1,159700
L00138,T10138,2026-03-21,S01,P015,C01,PR20,1,189200
L00208,T10208,2026-03-21,S03,P020,C02,PR10,1,145700
L00212,T10212,2026-03-21,S01,P008,C01,PR00,2,980600
L00497,T10497,2026-03-21,S02,P011,C01,PR00,1,118300
L00499,T10499,2026-03-21,S01,P009,C01,PR00,2,1536900
L00546,T10546,2026-03-21,S03,P012,C02,PR00,1,281900
L00579,T10579,2026-03-21,S01,P013,C01,PR00,2,187800
L00689,T10689,2026-03-21,S02,P012,C01,PR00,2,279600
L00707,T10707,2026-03-21,S02,P012,C01,PR10,3,255200
L00789,T10789,2026-03-21,S01,P012,C01,PR00,1,281600
L00809,T10809,2026-03-21,S03,P014,C02,PR15,1,436200
L00824,T10824,2026-03-21,S02,P017,C01,PR00,2,348300
L00502,T10502,2026-03-22,S01,P016,C01,PR00,2,434600
L00737,T10737,2026-03-22,S02,P006,C01,PR00,1,1801100
L00148,T10148,2026-03-23,S03,P008,C02,PR00,2,972000
L00432,T10432,2026-03-23,S01,P011,C01,PR00,3,118800
L00501,T10501,2026-03-23,S03,P015,C02,PR00,1,241100
L00685,T10685,2026-03-23,S01,P015,C01,PR15,2,206600
L00821,T10821,2026-03-23,S01,P015,C01,PR00,4,242400
L00956,T10956,2026-03-23,S02,P014,C01,PR00,1,517400
L00965,T10965,2026-03-23,S03,P007,C02,PR10,2,1231800
L00033,T10033,2026-03-24,S03,P020,C02,PR00,2,159800
L00534,T10534,2026-03-24,S01,P013,C01,PR00,3,189100
L00823,T10823,2026-03-24,S03,P015,C02,PR10,1,213700
L00946,T10946,2026-03-24,S01,P015,C01,PR00,1,240700
L00016,T10016,2026-03-25,S01,P019,C01,PR00,4,458700
L00194,T10194,2026-03-25,S02,P008,C01,PR00,3,974200
L00608,T10608,2026-03-25,S01,P014,C01,PR00,2,519300
L00482,T10482,2026-03-26,S02,P008,C01,PR00,5,984400
L00682,T10682,2026-03-26,S03,P019,C02,PR15,1,395700
L00916,T10916,2026-03-26,S02,P011,C01,PR10,2,107700
L00094,T10094,2026-03-28,S03,P010,C02,PR00,1,1442300
L00210,T10210,2026-03-28,S03,P011,C02,PR00,2,118900
L00856,T10856,2026-03-28,S03,P019,C02,PR15,1,391200
L00932,T10932,2026-03-28,S02,P017,C01,PR10,1,311400
L00337,T10337,2026-03-29,S03,P003,C02,PR15,1,3538200
L00462,T10462,2026-03-29,S02,P016,C01,PR00,1,433000
L00558,T10558,2026-03-29,S03,P007,C02,PR15,1,1138800
L00288,T10288,2026-03-30,S02,P007,C01,PR00,4,1351200
L00609,T10609,2026-03-30,S02,P020,C01,PR00,4,160200
L00658,T10658,2026-03-30,S02,P019,C01,PR10,1,412700
L00811,T10811,2026-03-30,S03,P012,C02,PR20,1,221000
L00120,T10120,2026-03-31,S03,P012,C02,PR10,1,254900
L00464,T10464,2026-03-31,S03,P015,C02,PR15,1,202200
L00529,T10529,2026-03-31,S03,P014,C02,PR00,2,516100
L00573,T10573,2026-03-31,S03,P007,C02,PR00,4,1354100
L00803,T10803,2026-03-31,S03,P012,C02,PR15,1,235100
L00948,T10948,2026-03-31,S02,P016,C01,PR15,1,369900
L00967,T10967,2026-03-31,S02,P006,C01,PR00,2,1814900
L00060,T10060,2026-04-01,S01,P019,C01,PR10,1,414700
L00068,T10068,2026-04-01,S02,P004,C01,PR00,1,1912200
L00260,T10260,2026-04-01,S03,P013,C02,PR00,1,189200
L00384,T10384,2026-04-01,S01,P015,C01,PR10,2,215400
L00515,T10515,2026-04-01,S03,P016,C02,PR10,1,386600
L00742,T10742,2026-04-01,S03,P015,C02,PR20,1,192200
L00868,T10868,2026-04-01,S01,P014,C01,PR00,3,514800
L00885,T10885,2026-04-01,S03,P006,C02,PR15,4,1543500
L00152,T10152,2026-04-02,S03,P017,C02,PR00,3,348300
L00195,T10195,2026-04-02,S03,P018,C02,PR10,1,162100
L00524,T10524,2026-04-02,S03,P007,C02,PR15,1,1158600
L00743,T10743,2026-04-02,S03,P008,C02,PR10,1,883900
L00325,T10325,2026-04-03,S01,P015,C01,PR00,1,240100
L00387,T10387,2026-04-03,S03,P012,C02,PR00,1,282000
L00401,T10401,2026-04-03,S03,P016,C02,PR00,2,430200
L00676,T10676,2026-04-03,S02,P014,C01,PR20,1,415400
L00847,T10847,2026-04-03,S03,P015,C02,PR15,2,204100
L00966,T10966,2026-04-03,S03,P004,C02,PR15,1,1630600
L00112,T10112,2026-04-04,S02,P019,C01,PR00,2,463100
L00144,T10144,2026-04-04,S02,P008,C01,PR00,2,984000
L00299,T10299,2026-04-04,S03,P004,C02,PR15,2,1625400
L00451,T10451,2026-04-04,S03,P013,C02,PR15,1,163300
L00589,T10589,2026-04-04,S03,P020,C02,PR00,1,158000
L00624,T10624,2026-04-04,S02,P017,C01,PR00,3,344800
L00399,T10399,2026-04-05,S03,P006,C02,PR00,1,1805800
L00882,T10882,2026-04-05,S03,P006,C02,PR20,1,1433800
L00127,T10127,2026-04-06,S02,P003,C01,PR00,1,4156000
L00220,T10220,2026-04-06,S03,P012,C02,PR00,1,280600
L00405,T10405,2026-04-06,S03,P009,C02,PR00,1,1533500
L00471,T10471,2026-04-06,S01,P018,C01,PR00,1,179200
L00623,T10623,2026-04-06,S03,P014,C02,PR20,1,414700
L00710,T10710,2026-04-06,S01,P016,C01,PR00,2,428600
L00971,T10971,2026-04-06,S02,P012,C01,PR00,2,283600
L00023,T10023,2026-04-07,S03,P017,C02,PR20,1,277800
L00030,T10030,2026-04-07,S02,P011,C01,PR10,1,109200
L00102,T10102,2026-04-07,S02,P013,C01,PR10,5,171400
L00215,T10215,2026-04-07,S02,P015,C01,PR00,2,239800
L00266,T10266,2026-04-07,S02,P015,C01,PR10,3,216600
L00511,T10511,2026-04-07,S01,P016,C01,PR00,1,431100
L00848,T10848,2026-04-07,S02,P012,C01,PR00,1,281600
L00927,T10927,2026-04-07,S01,P014,C01,PR00,1,518400
L00977,T10977,2026-04-07,S03,P008,C02,PR15,1,825000
L00374,T10374,2026-04-08,S01,P009,C01,PR00,3,1535100
L00625,T10625,2026-04-08,S01,P017,C01,PR00,5,345900
L00672,T10672,2026-04-08,S02,P015,C01,PR00,1,238400
L00830,T10830,2026-04-08,S03,P006,C02,PR00,1,1797800
L00005,T10005,2026-04-09,S03,P004,C02,PR10,4,1690300
L00189,T10189,2026-04-09,S03,P011,C02,PR00,2,120000
L00297,T10297,2026-04-09,S03,P016,C02,PR00,2,425400
L00545,T10545,2026-04-09,S02,P012,C01,PR00,1,284000
L00681,T10681,2026-04-09,S03,P020,C02,PR00,1,158100
L00730,T10730,2026-04-09,S01,P016,C01,PR00,1,432700
L00734,T10734,2026-04-09,S02,P010,C01,PR10,1,1290500
L00778,T10778,2026-04-09,S03,P007,C02,PR00,1,1352900
L00851,T10851,2026-04-09,S02,P006,C01,PR10,2,1622300
L00951,T10951,2026-04-09,S02,P013,C01,PR00,2,187900
L00959,T10959,2026-04-09,S01,P012,C01,PR00,1,280800
L00298,T10298,2026-04-10,S01,P007,C01,PR10,1,1208200
L00300,T10300,2026-04-10,S03,P013,C02,PR15,5,163200
L00359,T10359,2026-04-10,S03,P020,C02,PR15,1,137100
L00627,T10627,2026-04-10,S01,P013,C01,PR15,1,163300
L00753,T10753,2026-04-10,S01,P019,C01,PR00,1,462700
L00988,T10988,2026-04-10,S03,P015,C02,PR15,2,206900
L00032,T10032,2026-04-11,S01,P013,C01,PR00,1,191700
L00041,T10041,2026-04-11,S02,P005,C01,PR00,1,2312600
L00043,T10043,2026-04-11,S02,P006,C01,PR00,1,1800000
L00159,T10159,2026-04-11,S03,P004,C02,PR00,5,1924500
L00172,T10172,2026-04-11,S03,P007,C02,PR15,1,1162200
L00179,T10179,2026-04-11,S03,P006,C02,PR15,3,1530300
L00205,T10205,2026-04-11,S03,P015,C02,PR10,1,215300
L00258,T10258,2026-04-11,S03,P009,C02,PR00,1,1544100
L00433,T10433,2026-04-11,S03,P016,C02,PR00,3,432600
L00763,T10763,2026-04-11,S02,P005,C01,PR00,5,2316200
L00777,T10777,2026-04-11,S01,P011,C01,PR00,1,121400
L00135,T10135,2026-04-12,S01,P011,C01,PR10,2,109300
L00611,T10611,2026-04-12,S02,P014,C01,PR15,5,441200
L00637,T10637,2026-04-12,S03,P015,C02,PR15,1,203200
L00911,T10911,2026-04-12,S01,P020,C01,PR00,1,162400
L00568,T10568,2026-04-13,S03,P015,C02,PR15,2,201700
L00599,T10599,2026-04-13,S02,P011,C01,PR00,2,119800
L00614,T10614,2026-04-13,S03,P013,C02,PR10,1,172500
L00865,T10865,2026-04-13,S03,P017,C02,PR00,1,346300
L00454,T10454,2026-04-14,S02,P014,C01,PR10,1,465100
L00596,T10596,2026-04-14,S01,P008,C01,PR00,1,971500
L00635,T10635,2026-04-14,S02,P014,C01,PR00,1,526800
L00652,T10652,2026-04-14,S03,P019,C02,PR00,1,454100
L00801,T10801,2026-04-14,S03,P013,C02,PR20,1,150700
L00827,T10827,2026-04-14,S01,P015,C01,PR10,1,216900
L00008,T10008,2026-04-15,S01,P011,C01,PR00,1,118500
L00343,T10343,2026-04-15,S01,P015,C01,PR00,4,241500
L00356,T10356,2026-04-15,S03,P012,C02,PR15,2,236600
L00561,T10561,2026-04-15,S02,P009,C01,PR00,1,1562700
L00698,T10698,2026-04-15,S03,P018,C02,PR00,2,179200
L00757,T10757,2026-04-15,S01,P004,C01,PR00,1,1873800
L00852,T10852,2026-04-15,S02,P018,C01,PR10,3,161200
L00907,T10907,2026-04-15,S02,P011,C01,PR00,1,118900
L00161,T10161,2026-04-16,S01,P011,C01,PR10,2,107100
L00478,T10478,2026-04-16,S03,P004,C02,PR00,2,1872400
L00683,T10683,2026-04-16,S02,P012,C01,PR10,3,254100
L00225,T10225,2026-04-17,S01,P019,C01,PR00,2,456200
L00241,T10241,2026-04-17,S03,P015,C02,PR20,2,190400
L00310,T10310,2026-04-17,S02,P007,C01,PR00,1,1349400
L00331,T10331,2026-04-17,S03,P016,C02,PR00,1,427800
L00790,T10790,2026-04-17,S02,P016,C01,PR00,1,428500
L00132,T10132,2026-04-18,S03,P004,C02,PR00,1,1880900
L00505,T10505,2026-04-18,S03,P005,C02,PR00,3,2304300
L00519,T10519,2026-04-18,S03,P016,C02,PR15,2,367800
L00567,T10567,2026-04-18,S03,P009,C02,PR00,3,1571100
L00101,T10101,2026-04-19,S02,P013,C01,PR00,2,190900
L00147,T10147,2026-04-19,S03,P014,C02,PR00,1,513700
L00270,T10270,2026-04-19,S02,P013,C01,PR10,5,172400
L00352,T10352,2026-04-19,S03,P020,C02,PR00,1,158500
L00403,T10403,2026-04-19,S03,P018,C02,PR00,1,181200
L00492,T10492,2026-04-19,S03,P008,C02,PR15,1,839400
L00712,T10712,2026-04-19,S01,P014,C01,PR00,2,517900
L00735,T10735,2026-04-19,S03,P014,C02,PR15,5,444100
L00765,T10765,2026-04-19,S03,P012,C02,PR10,1,249300
L00922,T10922,2026-04-19,S02,P018,C01,PR00,2,180700
L00001,T10001,2026-04-20,S01,P003,C01,PR00,1,4153000
L00014,T10014,2026-04-20,S02,P015,C01,PR10,4,213700
L00191,T10191,2026-04-20,S01,P018,C01,PR00,2,177800
L00262,T10262,2026-04-20,S03,P013,C02,PR00,3,188000
L00393,T10393,2026-04-20,S01,P010,C01,PR10,1,1299000
L00722,T10722,2026-04-20,S01,P019,C01,PR00,1,458400
L00782,T10782,2026-04-20,S01,P003,C01,PR00,3,4141900
L00368,T10368,2026-04-21,S03,P008,C02,PR15,2,840900
L00576,T10576,2026-04-21,S03,P017,C02,PR20,1,279200
L00751,T10751,2026-04-21,S01,P015,C01,PR00,1,242200
L00920,T10920,2026-04-21,S02,P004,C01,PR00,1,1879700
L00018,T10018,2026-04-22,S02,P015,C01,PR00,2,238400
L00088,T10088,2026-04-22,S03,P002,C02,PR20,1,3084600
L00209,T10209,2026-04-22,S03,P013,C02,PR15,1,163500
L00219,T10219,2026-04-22,S02,P001,C01,PR10,4,2317700
L00646,T10646,2026-04-22,S03,P015,C02,PR00,2,238200
L00816,T10816,2026-04-22,S01,P006,C01,PR00,3,1789200
L00011,T10011,2026-04-23,S02,P017,C01,PR10,2,317600
L00040,T10040,2026-04-23,S01,P017,C01,PR00,2,351900
L00156,T10156,2026-04-23,S01,P016,C01,PR00,5,432900
L00574,T10574,2026-04-23,S03,P011,C02,PR00,2,118900
L00866,T10866,2026-04-23,S01,P020,C01,PR00,2,162200
L00044,T10044,2026-04-24,S02,P014,C01,PR00,2,512400
L00110,T10110,2026-04-24,S01,P009,C01,PR00,2,1552800
L00311,T10311,2026-04-24,S03,P016,C02,PR00,1,423900
L00445,T10445,2026-04-24,S01,P014,C01,PR00,1,516500
L00488,T10488,2026-04-24,S01,P019,C01,PR00,2,453900
L00514,T10514,2026-04-24,S02,P013,C01,PR10,3,170100
L00905,T10905,2026-04-24,S03,P011,C02,PR15,1,101200
L00954,T10954,2026-04-24,S01,P020,C01,PR10,1,143700
L00978,T10978,2026-04-24,S03,P014,C02,PR15,1,441200
L00213,T10213,2026-04-25,S02,P019,C01,PR00,2,459600
L00284,T10284,2026-04-25,S02,P014,C01,PR10,3,463000
L00595,T10595,2026-04-25,S03,P004,C02,PR15,3,1609600
L00665,T10665,2026-04-25,S03,P011,C02,PR00,1,119500
L00879,T10879,2026-04-25,S03,P013,C02,PR15,1,163000
L00926,T10926,2026-04-25,S01,P010,C01,PR00,3,1460400
L00075,T10075,2026-04-26,S01,P013,C01,PR00,2,189000
L00166,T10166,2026-04-26,S01,P017,C01,PR00,1,348600
L00283,T10283,2026-04-26,S02,P002,C01,PR10,2,3391200
L00494,T10494,2026-04-26,S03,P015,C02,PR15,2,203700
L00636,T10636,2026-04-26,S02,P007,C01,PR00,2,1366500
L00829,T10829,2026-04-26,S01,P009,C01,PR00,5,1536300
L00038,T10038,2026-04-27,S01,P017,C01,PR00,2,351900
L00099,T10099,2026-04-27,S03,P015,C02,PR00,5,236400
L00108,T10108,2026-04-27,S01,P012,C01,PR10,4,249800
L00141,T10141,2026-04-27,S03,P013,C02,PR10,3,171900
L00250,T10250,2026-04-27,S02,P016,C01,PR00,1,433500
L00364,T10364,2026-04-27,S01,P019,C01,PR10,2,413400
L00415,T10415,2026-04-27,S01,P016,C01,PR00,1,432400
L00705,T10705,2026-04-27,S03,P011,C02,PR00,1,120300
L00566,T10566,2026-04-28,S02,P011,C01,PR10,1,106500
L00655,T10655,2026-04-28,S01,P008,C01,PR00,1,984900
L00050,T10050,2026-04-29,S02,P005,C01,PR00,4,2269000
L00178,T10178,2026-04-29,S03,P015,C02,PR10,1,217000
L00228,T10228,2026-04-29,S01,P017,C01,PR00,1,354500
L00380,T10380,2026-04-29,S02,P018,C01,PR10,3,164000
L00472,T10472,2026-04-29,S01,P010,C01,PR10,1,1316100
L00507,T10507,2026-04-29,S03,P007,C02,PR20,1,1081000
L00667,T10667,2026-04-29,S01,P013,C01,PR00,1,190100
L00940,T10940,2026-04-29,S01,P013,C01,PR00,2,191800
L00045,T10045,2026-04-30,S02,P008,C01,PR00,1,977600
L00227,T10227,2026-04-30,S03,P020,C02,PR00,1,161300
L00506,T10506,2026-04-30,S01,P015,C01,PR00,3,237900
L00986,T10986,2026-04-30,S02,P016,C01,PR00,2,433200
L00202,T10202,2026-05-01,S01,P011,C01,PR10,1,109500
L00400,T10400,2026-05-01,S01,P011,C01,PR10,2,109000
L00651,T10651,2026-05-01,S02,P019,C01,PR15,1,396800
L00768,T10768,2026-05-01,S03,P015,C02,PR10,1,214800
L00915,T10915,2026-05-01,S01,P013,C01,PR00,1,189000
L00211,T10211,2026-05-02,S03,P019,C02,PR10,3,410500
L00889,T10889,2026-05-02,S01,P018,C01,PR00,3,178300
L00035,T10035,2026-05-03,S02,P008,C01,PR00,1,978500
L00236,T10236,2026-05-03,S03,P015,C02,PR00,2,241000
L00326,T10326,2026-05-03,S02,P005,C01,PR00,1,2312800
L00332,T10332,2026-05-03,S02,P018,C01,PR10,1,162600
L00378,T10378,2026-05-03,S03,P019,C02,PR15,3,388100
L00422,T10422,2026-05-03,S01,P015,C01,PR00,1,242400
L00424,T10424,2026-05-03,S01,P008,C01,PR00,1,986800
L00465,T10465,2026-05-03,S01,P015,C01,PR10,3,214400
L00522,T10522,2026-05-03,S03,P020,C02,PR00,3,158400
L00526,T10526,2026-05-03,S01,P014,C01,PR00,5,524900
L00692,T10692,2026-05-03,S02,P012,C01,PR00,4,278900
L00873,T10873,2026-05-03,S01,P011,C01,PR00,2,120900
L00363,T10363,2026-05-04,S03,P013,C02,PR15,1,160200
L00630,T10630,2026-05-04,S02,P014,C01,PR00,1,518300
L00699,T10699,2026-05-04,S01,P012,C01,PR10,3,249100
L00750,T10750,2026-05-04,S01,P010,C01,PR10,1,1312400
L00756,T10756,2026-05-04,S02,P020,C01,PR00,4,160400
L00838,T10838,2026-05-04,S03,P017,C02,PR00,2,347100
L00890,T10890,2026-05-04,S03,P013,C02,PR20,1,151300
L00006,T10006,2026-05-05,S01,P011,C01,PR00,1,121200
L00029,T10029,2026-05-05,S03,P017,C02,PR00,2,350800
L00396,T10396,2026-05-05,S03,P007,C02,PR00,3,1343900
L00516,T10516,2026-05-05,S02,P004,C01,PR00,1,1900700
L00562,T10562,2026-05-05,S03,P003,C02,PR20,1,3403400
L00072,T10072,2026-05-06,S02,P011,C01,PR00,2,120900
L00134,T10134,2026-05-06,S02,P019,C01,PR10,1,417800
L00234,T10234,2026-05-06,S02,P013,C01,PR10,1,173200
L00321,T10321,2026-05-06,S02,P010,C01,PR00,1,1457400
L00657,T10657,2026-05-06,S03,P016,C02,PR00,1,436000
L00893,T10893,2026-05-06,S01,P016,C01,PR00,1,427000
L01000,T11000,2026-05-06,S01,P006,C01,PR00,1,1821800
L00079,T10079,2026-05-07,S01,P013,C01,PR00,2,190500
L00540,T10540,2026-05-07,S01,P011,C01,PR00,1,121100
L00704,T10704,2026-05-07,S03,P020,C02,PR15,2,138000
L00780,T10780,2026-05-07,S02,P009,C01,PR10,1,1383700
L00896,T10896,2026-05-07,S01,P012,C01,PR10,2,249800
L00929,T10929,2026-05-07,S03,P015,C02,PR00,1,241800
L00136,T10136,2026-05-08,S03,P014,C02,PR15,1,440700
L00150,T10150,2026-05-08,S01,P020,C01,PR00,2,160600
L00257,T10257,2026-05-08,S03,P010,C02,PR00,2,1463700
L00350,T10350,2026-05-08,S02,P016,C01,PR20,2,346900
L00434,T10434,2026-05-08,S03,P002,C02,PR15,1,3229900
L00572,T10572,2026-05-08,S02,P018,C01,PR00,1,177400
L00605,T10605,2026-05-08,S03,P010,C02,PR00,1,1441800
L00687,T10687,2026-05-08,S03,P009,C02,PR00,2,1539000
L00906,T10906,2026-05-08,S02,P013,C01,PR00,4,192600
L00328,T10328,2026-05-09,S02,P009,C01,PR00,3,1541000
L00557,T10557,2026-05-09,S01,P020,C01,PR00,2,161100
L00644,T10644,2026-05-09,S01,P014,C01,PR00,1,514000
L00675,T10675,2026-05-09,S01,P003,C01,PR00,2,4262000
L00754,T10754,2026-05-09,S02,P018,C01,PR00,1,178700
L00231,T10231,2026-05-10,S02,P014,C01,PR00,2,522100
L00607,T10607,2026-05-10,S03,P017,C02,PR15,1,295100
L00650,T10650,2026-05-10,S01,P014,C01,PR10,2,465600
L00767,T10767,2026-05-10,S01,P019,C01,PR00,1,456500
L00774,T10774,2026-05-10,S01,P012,C01,PR20,2,225600
L00804,T10804,2026-05-10,S03,P015,C02,PR00,1,243400
L00937,T10937,2026-05-10,S03,P007,C02,PR00,1,1348300
L00229,T10229,2026-05-11,S03,P011,C02,PR00,2,119600
L00259,T10259,2026-05-11,S03,P016,C02,PR15,1,366500
L00330,T10330,2026-05-11,S01,P016,C01,PR10,2,388800
L00410,T10410,2026-05-11,S03,P020,C02,PR10,1,142100
L00560,T10560,2026-05-11,S02,P016,C01,PR00,1,436400
L00688,T10688,2026-05-11,S02,P011,C01,PR00,1,120300
L00748,T10748,2026-05-11,S01,P011,C01,PR00,5,120200
L00775,T10775,2026-05-11,S02,P015,C01,PR00,1,240800
L00122,T10122,2026-05-12,S03,P013,C02,PR20,1,152400
L00394,T10394,2026-05-12,S01,P019,C01,PR00,4,455600
L00418,T10418,2026-05-12,S01,P004,C01,PR00,1,1919400
L00551,T10551,2026-05-12,S02,P015,C01,PR00,1,237500
L00942,T10942,2026-05-12,S01,P013,C01,PR00,3,190100
L00064,T10064,2026-05-13,S01,P012,C01,PR00,1,279700
L00078,T10078,2026-05-13,S03,P014,C02,PR00,1,527700
L00173,T10173,2026-05-13,S03,P017,C02,PR00,1,354300
L00320,T10320,2026-05-13,S02,P001,C01,PR00,3,2569000
L00322,T10322,2026-05-13,S03,P001,C02,PR00,1,2562900
L00357,T10357,2026-05-13,S03,P008,C02,PR00,1,987800
L00621,T10621,2026-05-13,S01,P012,C01,PR20,1,226200
L00726,T10726,2026-05-13,S03,P002,C02,PR00,2,3767800
L00129,T10129,2026-05-14,S02,P011,C01,PR00,3,118600
L00133,T10133,2026-05-14,S02,P010,C01,PR20,1,1174400
L00167,T10167,2026-05-14,S03,P016,C02,PR00,2,431000
L00253,T10253,2026-05-14,S01,P006,C01,PR00,5,1795500
L00336,T10336,2026-05-14,S03,P010,C02,PR15,2,1215900
L00835,T10835,2026-05-14,S02,P016,C01,PR00,1,426900
L00039,T10039,2026-05-15,S02,P013,C01,PR00,3,189900
L00118,T10118,2026-05-15,S01,P014,C01,PR00,1,517900
L00518,T10518,2026-05-15,S02,P012,C01,PR00,1,276700
L00671,T10671,2026-05-15,S02,P014,C01,PR10,1,464000
L00892,T10892,2026-05-15,S03,P019,C02,PR15,2,388400
L00995,T10995,2026-05-15,S02,P011,C01,PR00,1,121700
L00184,T10184,2026-05-16,S02,P006,C01,PR00,1,1773400
L00192,T10192,2026-05-16,S03,P018,C02,PR00,1,181600
L00358,T10358,2026-05-16,S03,P005,C02,PR00,2,2299900
L00370,T10370,2026-05-16,S03,P013,C02,PR15,4,162500
L00696,T10696,2026-05-16,S01,P013,C01,PR00,1,188900
L00771,T10771,2026-05-16,S02,P001,C01,PR00,3,2580500
L00864,T10864,2026-05-16,S01,P001,C01,PR00,5,2603500
L00931,T10931,2026-05-16,S03,P019,C02,PR15,5,388600
L00985,T10985,2026-05-16,S03,P011,C02,PR10,2,109500
L00137,T10137,2026-05-17,S02,P005,C01,PR00,2,2287000
L00348,T10348,2026-05-17,S02,P012,C01,PR00,1,283200
L00460,T10460,2026-05-17,S02,P019,C01,PR00,1,463800
L00081,T10081,2026-05-18,S02,P014,C01,PR15,1,437400
L00123,T10123,2026-05-18,S01,P014,C01,PR00,1,522800
L00453,T10453,2026-05-18,S02,P020,C01,PR00,2,159600
L00495,T10495,2026-05-18,S02,P004,C01,PR00,3,1927300
L00631,T10631,2026-05-18,S01,P017,C01,PR00,2,347300
L00930,T10930,2026-05-18,S01,P007,C01,PR00,2,1357700
L00950,T10950,2026-05-18,S02,P006,C01,PR10,3,1629000
L00980,T10980,2026-05-18,S03,P016,C02,PR00,1,425200
L00058,T10058,2026-05-19,S03,P017,C02,PR10,2,317600
L00096,T10096,2026-05-19,S01,P005,C01,PR00,1,2325200
L00759,T10759,2026-05-19,S01,P005,C01,PR00,2,2298900
L00776,T10776,2026-05-19,S02,P010,C01,PR00,5,1455000
L00912,T10912,2026-05-19,S02,P015,C01,PR00,3,241100
L00004,T10004,2026-05-20,S03,P016,C02,PR15,1,368000
L00114,T10114,2026-05-20,S01,P011,C01,PR10,3,106900
L00313,T10313,2026-05-20,S01,P011,C01,PR10,1,108400
L00456,T10456,2026-05-20,S01,P016,C01,PR00,1,436000
L00544,T10544,2026-05-20,S01,P011,C01,PR10,1,106900
L00559,T10559,2026-05-20,S02,P011,C01,PR00,2,119000
L00679,T10679,2026-05-20,S01,P005,C01,PR00,1,2275400
L00752,T10752,2026-05-20,S02,P018,C01,PR00,1,182100
L00755,T10755,2026-05-20,S01,P005,C01,PR00,1,2314600
L00792,T10792,2026-05-20,S02,P020,C01,PR00,1,161700
L00168,T10168,2026-05-21,S01,P012,C01,PR10,3,253000
L00344,T10344,2026-05-21,S02,P005,C01,PR00,2,2315600
L00613,T10613,2026-05-21,S02,P014,C01,PR15,1,442600
L00633,T10633,2026-05-21,S02,P019,C01,PR15,1,390100
L00791,T10791,2026-05-21,S03,P014,C02,PR20,2,415000
L00833,T10833,2026-05-21,S02,P010,C01,PR00,2,1429200
L00069,T10069,2026-05-22,S02,P005,C01,PR00,3,2274300
L00080,T10080,2026-05-22,S03,P018,C02,PR00,2,181000
L00175,T10175,2026-05-22,S01,P008,C01,PR00,1,980800
L00177,T10177,2026-05-22,S01,P019,C01,PR00,1,460200
L00295,T10295,2026-05-22,S03,P017,C02,PR00,4,346300
L00662,T10662,2026-05-22,S01,P020,C01,PR00,2,157700
L00703,T10703,2026-05-22,S02,P013,C01,PR00,1,192000
L00711,T10711,2026-05-22,S03,P016,C02,PR10,3,388900
L00947,T10947,2026-05-22,S02,P015,C01,PR10,1,218200
L00015,T10015,2026-05-23,S02,P002,C01,PR00,2,3801700
L00097,T10097,2026-05-23,S03,P013,C02,PR00,4,189000
L00381,T10381,2026-05-23,S02,P012,C01,PR00,1,276400
L00963,T10963,2026-05-23,S02,P019,C01,PR00,2,456700
L00974,T10974,2026-05-23,S02,P017,C01,PR00,1,347500
L00074,T10074,2026-05-24,S03,P015,C02,PR10,1,213700
L00107,T10107,2026-05-24,S02,P014,C01,PR00,1,526400
L00367,T10367,2026-05-24,S02,P011,C01,PR00,3,119200
L00857,T10857,2026-05-24,S03,P020,C02,PR00,3,157700
L00958,T10958,2026-05-24,S02,P004,C01,PR00,1,1913800
L00989,T10989,2026-05-24,S02,P009,C01,PR10,1,1391800
L00047,T10047,2026-05-25,S02,P013,C01,PR00,3,187300
L00157,T10157,2026-05-25,S01,P012,C01,PR00,2,278400
L00268,T10268,2026-05-25,S03,P015,C02,PR00,3,239000
L00278,T10278,2026-05-25,S02,P014,C01,PR00,2,526800
L00345,T10345,2026-05-25,S03,P006,C02,PR15,1,1526600
L00183,T10183,2026-05-26,S03,P011,C02,PR10,1,108000
L00216,T10216,2026-05-26,S02,P019,C01,PR00,4,455200
L00474,T10474,2026-05-26,S03,P015,C02,PR15,1,205000
L00553,T10553,2026-05-26,S03,P018,C02,PR00,1,181500
L00303,T10303,2026-05-27,S02,P013,C01,PR00,1,187300
L00876,T10876,2026-05-27,S03,P010,C02,PR00,1,1452200
L00443,T10443,2026-05-28,S02,P015,C01,PR00,1,238800
L00632,T10632,2026-05-28,S02,P020,C01,PR00,1,160100
L00887,T10887,2026-05-28,S02,P002,C01,PR00,1,3798600
L00895,T10895,2026-05-28,S03,P020,C02,PR20,2,127200
L00037,T10037,2026-05-29,S02,P011,C01,PR10,4,109400
L00055,T10055,2026-05-29,S03,P001,C02,PR15,3,2208700
L00483,T10483,2026-05-29,S02,P015,C01,PR00,2,237300
L00510,T10510,2026-05-29,S03,P012,C02,PR00,1,282100
L00815,T10815,2026-05-29,S02,P009,C01,PR00,1,1562000
L00883,T10883,2026-05-29,S02,P016,C01,PR10,1,388900
L00972,T10972,2026-05-29,S02,P020,C01,PR00,1,160300
L00007,T10007,2026-05-30,S01,P006,C01,PR00,2,1795200
L00279,T10279,2026-05-30,S03,P003,C02,PR15,1,3609300
L00305,T10305,2026-05-30,S01,P009,C01,PR10,2,1392200
L00525,T10525,2026-05-30,S02,P013,C01,PR00,1,189900
L00795,T10795,2026-05-30,S02,P011,C01,PR00,1,119100
L00875,T10875,2026-05-30,S03,P008,C02,PR15,1,822000
L00316,T10316,2026-05-31,S01,P005,C01,PR10,1,2048700
L00435,T10435,2026-05-31,S01,P015,C01,PR00,1,241800
L00458,T10458,2026-05-31,S01,P008,C01,PR00,2,971900
L00530,T10530,2026-05-31,S02,P019,C01,PR00,3,460700
L00664,T10664,2026-05-31,S02,P007,C01,PR00,1,1341400
L00740,T10740,2026-05-31,S02,P012,C01,PR20,1,225900
L00842,T10842,2026-05-31,S01,P005,C01,PR00,2,2293500
L00230,T10230,2026-06-01,S01,P006,C01,PR00,1,1811300
L00414,T10414,2026-06-01,S02,P010,C01,PR00,2,1448300
L00533,T10533,2026-06-01,S02,P015,C01,PR10,1,218600
L00701,T10701,2026-06-01,S02,P008,C01,PR10,1,893900
L00850,T10850,2026-06-01,S03,P005,C02,PR00,3,2317100
L00859,T10859,2026-06-01,S02,P001,C01,PR00,4,2561500
L00153,T10153,2026-06-02,S03,P019,C02,PR15,1,387100
L00180,T10180,2026-06-02,S03,P012,C02,PR15,2,240000
L00248,T10248,2026-06-02,S03,P020,C02,PR00,1,159300
L00280,T10280,2026-06-02,S01,P008,C01,PR00,2,975200
L00411,T10411,2026-06-02,S03,P012,C02,PR20,2,224400
L00486,T10486,2026-06-02,S01,P008,C01,PR00,1,986700
L00793,T10793,2026-06-02,S03,P012,C02,PR20,2,227100
L00884,T10884,2026-06-02,S02,P011,C01,PR00,1,118500
L00586,T10586,2026-06-03,S01,P011,C01,PR10,3,107800
L00601,T10601,2026-06-03,S02,P017,C01,PR10,1,316400
L00603,T10603,2026-06-03,S03,P003,C02,PR15,5,3603000
L00620,T10620,2026-06-03,S03,P001,C02,PR00,3,2573900
L00826,T10826,2026-06-03,S01,P013,C01,PR00,2,187600
L00131,T10131,2026-06-04,S01,P018,C01,PR00,1,179500
L00249,T10249,2026-06-04,S02,P006,C01,PR15,1,1547500
L00338,T10338,2026-06-04,S01,P018,C01,PR00,1,181000
L00417,T10417,2026-06-04,S03,P007,C02,PR00,2,1364800
L00555,T10555,2026-06-04,S03,P009,C02,PR00,2,1552600
L00680,T10680,2026-06-04,S01,P013,C01,PR20,1,150600
L00083,T10083,2026-06-05,S03,P008,C02,PR00,2,976400
L00103,T10103,2026-06-05,S02,P002,C01,PR00,1,3799800
L00109,T10109,2026-06-05,S03,P007,C02,PR20,1,1079100
L00307,T10307,2026-06-05,S03,P014,C02,PR15,2,448000
L00606,T10606,2026-06-05,S03,P005,C02,PR00,1,2284400
L00758,T10758,2026-06-05,S02,P012,C01,PR10,2,250500
L00904,T10904,2026-06-05,S03,P007,C02,PR10,3,1208200
L00235,T10235,2026-06-06,S02,P015,C01,PR00,1,240000
L00293,T10293,2026-06-06,S03,P019,C02,PR15,1,391200
L00360,T10360,2026-06-06,S01,P013,C01,PR20,1,152700
L00438,T10438,2026-06-06,S02,P014,C01,PR10,1,467600
L00477,T10477,2026-06-06,S02,P013,C01,PR00,1,189600
L00550,T10550,2026-06-06,S02,P010,C01,PR10,1,1314700
L00962,T10962,2026-06-06,S02,P009,C01,PR00,3,1538700
L00993,T10993,2026-06-06,S02,P016,C01,PR00,1,434300
L00025,T10025,2026-06-07,S02,P019,C01,PR00,1,465600
L00373,T10373,2026-06-07,S03,P019,C02,PR15,1,392100
L00673,T10673,2026-06-07,S01,P009,C01,PR00,1,1528300
L00729,T10729,2026-06-07,S01,P018,C01,PR00,1,181100
L00794,T10794,2026-06-07,S02,P010,C01,PR00,1,1450200
L00281,T10281,2026-06-08,S01,P004,C01,PR15,1,1595500
L00392,T10392,2026-06-08,S02,P014,C01,PR10,1,467100
L00463,T10463,2026-06-08,S02,P019,C01,PR00,1,462500
L00583,T10583,2026-06-08,S03,P018,C02,PR15,4,155200
L00747,T10747,2026-06-08,S02,P018,C01,PR10,1,162000
L00934,T10934,2026-06-08,S03,P017,C02,PR15,1,296600
L00504,T10504,2026-06-09,S02,P012,C01,PR10,2,251600
L00531,T10531,2026-06-09,S01,P014,C01,PR00,1,519400
L00960,T10960,2026-06-09,S02,P013,C01,PR00,3,188600
L00970,T10970,2026-06-09,S01,P013,C01,PR00,1,188300
L00247,T10247,2026-06-10,S01,P014,C01,PR20,3,412000
L00254,T10254,2026-06-10,S01,P013,C01,PR10,2,171400
L00309,T10309,2026-06-10,S01,P007,C01,PR00,1,1359900
L00455,T10455,2026-06-10,S02,P011,C01,PR10,1,109500
L00493,T10493,2026-06-10,S03,P014,C02,PR10,1,469700
L00503,T10503,2026-06-10,S03,P017,C02,PR00,1,345400
L00837,T10837,2026-06-10,S01,P012,C01,PR00,1,279200
L00846,T10846,2026-06-10,S01,P012,C01,PR00,1,278300
L00909,T10909,2026-06-10,S01,P014,C01,PR00,1,519400
L00933,T10933,2026-06-10,S01,P014,C01,PR00,1,525800
L00997,T10997,2026-06-10,S03,P019,C02,PR00,1,464500
L00265,T10265,2026-06-11,S02,P011,C01,PR00,1,121000
L00695,T10695,2026-06-11,S02,P014,C01,PR00,1,521500
L00786,T10786,2026-06-11,S02,P012,C01,PR00,1,279300
L00891,T10891,2026-06-11,S01,P010,C01,PR00,2,1439500
L00019,T10019,2026-06-12,S01,P012,C01,PR00,1,281600
L00171,T10171,2026-06-12,S02,P019,C01,PR20,4,367500
L00233,T10233,2026-06-12,S01,P020,C01,PR00,3,158100
L00386,T10386,2026-06-12,S03,P008,C02,PR00,1,971700
L00427,T10427,2026-06-12,S02,P020,C01,PR00,1,160400
L00428,T10428,2026-06-12,S03,P014,C02,PR15,1,438800
L00442,T10442,2026-06-12,S02,P007,C01,PR00,2,1349100
L00444,T10444,2026-06-12,S03,P013,C02,PR10,5,169800
L00473,T10473,2026-06-12,S03,P017,C02,PR10,3,311600
L00725,T10725,2026-06-12,S01,P018,C01,PR00,1,177800
L00762,T10762,2026-06-12,S03,P019,C02,PR15,1,391700
L00902,T10902,2026-06-12,S02,P017,C01,PR00,1,352700
L00222,T10222,2026-06-13,S03,P013,C02,PR00,2,189000
L00240,T10240,2026-06-13,S01,P019,C01,PR00,1,457800
L00626,T10626,2026-06-13,S03,P016,C02,PR00,2,429600
L00677,T10677,2026-06-13,S02,P005,C01,PR00,2,2265600
L00702,T10702,2026-06-13,S02,P014,C01,PR00,1,522200
L00739,T10739,2026-06-13,S03,P009,C02,PR15,2,1326900
L00819,T10819,2026-06-13,S03,P011,C02,PR15,2,103500
L00858,T10858,2026-06-13,S02,P006,C01,PR00,4,1796500
L00994,T10994,2026-06-13,S01,P018,C01,PR10,1,163500
L00049,T10049,2026-06-14,S03,P019,C02,PR00,2,461800
L00538,T10538,2026-06-14,S01,P016,C01,PR10,3,390900
L00563,T10563,2026-06-14,S01,P003,C01,PR10,1,3795300
L00594,T10594,2026-06-14,S03,P018,C02,PR00,1,179900
L00645,T10645,2026-06-14,S01,P012,C01,PR10,1,250600
L00684,T10684,2026-06-14,S02,P010,C01,PR00,1,1463900
L00204,T10204,2026-06-15,S02,P020,C01,PR00,1,159500
L00407,T10407,2026-06-15,S02,P018,C01,PR00,1,177800
L00588,T10588,2026-06-15,S02,P011,C01,PR00,5,118900
L00067,T10067,2026-06-16,S02,P020,C01,PR10,1,143600
L00517,T10517,2026-06-16,S03,P012,C02,PR00,2,276500
L00697,T10697,2026-06-16,S01,P018,C01,PR10,1,162600
L00761,T10761,2026-06-16,S03,P002,C02,PR15,3,3273100
L00908,T10908,2026-06-16,S02,P013,C01,PR00,2,192400
L00046,T10046,2026-06-17,S01,P019,C01,PR20,1,364100
L00207,T10207,2026-06-17,S01,P019,C01,PR00,1,458900
L00423,T10423,2026-06-17,S01,P011,C01,PR10,2,109400
L00564,T10564,2026-06-17,S02,P012,C01,PR00,2,284100
L00661,T10661,2026-06-17,S01,P018,C01,PR00,1,178700
L00901,T10901,2026-06-17,S02,P019,C01,PR00,1,453700
L00076,T10076,2026-06-18,S01,P015,C01,PR10,2,213500
L00334,T10334,2026-06-18,S02,P010,C01,PR20,1,1158200
L00484,T10484,2026-06-18,S02,P006,C01,PR10,1,1624200
L00654,T10654,2026-06-18,S01,P019,C01,PR10,1,407800
L00744,T10744,2026-06-18,S02,P004,C01,PR00,1,1881900
L00773,T10773,2026-06-18,S03,P013,C02,PR15,1,163100
L00944,T10944,2026-06-18,S02,P020,C01,PR00,1,161700
L00957,T10957,2026-06-18,S01,P018,C01,PR00,1,180000
L00140,T10140,2026-06-19,S02,P013,C01,PR10,1,171800
L00408,T10408,2026-06-19,S02,P007,C01,PR10,3,1227600
L00622,T10622,2026-06-19,S03,P009,C02,PR20,2,1236800
L00686,T10686,2026-06-19,S03,P020,C02,PR00,2,158900
L00981,T10981,2026-06-19,S01,P017,C01,PR00,1,347100
L00196,T10196,2026-06-20,S03,P010,C02,PR15,2,1229500
L00214,T10214,2026-06-20,S02,P006,C01,PR00,1,1785600
L00372,T10372,2026-06-20,S03,P014,C02,PR00,2,519100
L00389,T10389,2026-06-20,S03,P013,C02,PR15,1,160400
L00800,T10800,2026-06-20,S03,P015,C02,PR00,1,240400
L00854,T10854,2026-06-20,S01,P004,C01,PR00,2,1903600
L00924,T10924,2026-06-20,S03,P017,C02,PR15,1,297800
L00199,T10199,2026-06-21,S02,P020,C01,PR00,1,161900
L00267,T10267,2026-06-21,S03,P020,C02,PR10,1,143200
L00660,T10660,2026-06-21,S01,P012,C01,PR10,1,252100
L00738,T10738,2026-06-21,S01,P011,C01,PR10,1,107300
L00825,T10825,2026-06-21,S01,P016,C01,PR10,1,390200
L00844,T10844,2026-06-21,S01,P014,C01,PR20,1,414400
L00964,T10964,2026-06-21,S03,P017,C02,PR00,1,350200
L00063,T10063,2026-06-22,S01,P019,C01,PR10,3,414000
L00263,T10263,2026-06-22,S02,P011,C01,PR20,1,95800
L00272,T10272,2026-06-22,S02,P020,C01,PR00,3,158600
L00302,T10302,2026-06-22,S02,P009,C01,PR20,1,1226300
L00353,T10353,2026-06-22,S02,P006,C01,PR00,1,1779700
L00397,T10397,2026-06-22,S03,P011,C02,PR00,1,121700
L00955,T10955,2026-06-22,S03,P005,C02,PR15,1,1980000
L00969,T10969,2026-06-22,S03,P011,C02,PR00,1,120300
L00012,T10012,2026-06-23,S03,P012,C02,PR00,3,276800
L00087,T10087,2026-06-23,S02,P011,C01,PR00,1,118600
L00238,T10238,2026-06-23,S02,P012,C01,PR00,2,279800
L00549,T10549,2026-06-23,S02,P017,C01,PR00,1,353600
L00808,T10808,2026-06-23,S02,P015,C01,PR10,1,212800
L00861,T10861,2026-06-23,S03,P012,C02,PR00,1,279600
L00945,T10945,2026-06-23,S01,P014,C01,PR10,2,461300
L00126,T10126,2026-06-24,S02,P014,C01,PR00,1,526800
L00217,T10217,2026-06-24,S01,P014,C01,PR00,3,525300
L00436,T10436,2026-06-24,S01,P013,C01,PR00,3,191600
L00469,T10469,2026-06-24,S02,P018,C01,PR00,4,178200
L00523,T10523,2026-06-24,S03,P001,C02,PR00,1,2616500
L00584,T10584,2026-06-24,S01,P010,C01,PR00,1,1447900
L00706,T10706,2026-06-24,S02,P019,C01,PR00,2,466100
L00766,T10766,2026-06-24,S02,P006,C01,PR00,1,1806900
L00968,T10968,2026-06-24,S01,P010,C01,PR10,1,1317900
L00200,T10200,2026-06-25,S01,P017,C01,PR20,2,283700
L00785,T10785,2026-06-25,S03,P015,C02,PR00,1,241400
L00061,T10061,2026-06-26,S03,P015,C02,PR10,2,213400
L00264,T10264,2026-06-26,S03,P012,C02,PR00,1,284200
L00425,T10425,2026-06-26,S02,P007,C01,PR00,1,1341800
L00426,T10426,2026-06-26,S02,P016,C01,PR00,2,436400
L00979,T10979,2026-06-26,S02,P013,C01,PR10,1,169500
L00115,T10115,2026-06-27,S02,P014,C01,PR10,1,470200
L00390,T10390,2026-06-27,S03,P002,C02,PR00,1,3798000
L00466,T10466,2026-06-27,S02,P012,C01,PR00,4,278100
L00694,T10694,2026-06-27,S01,P016,C01,PR00,1,435200
L00022,T10022,2026-06-28,S01,P005,C01,PR00,2,2320800
L00117,T10117,2026-06-28,S02,P015,C01,PR00,2,240700
L00130,T10130,2026-06-28,S03,P015,C02,PR20,1,191400
L00318,T10318,2026-06-28,S03,P016,C02,PR00,1,432500
L00327,T10327,2026-06-28,S03,P008,C02,PR00,1,967900
L00585,T10585,2026-06-28,S03,P007,C02,PR00,2,1340600
L00724,T10724,2026-06-28,S02,P019,C01,PR00,3,465300
L00990,T10990,2026-06-28,S03,P007,C02,PR15,2,1154700
L00188,T10188,2026-06-29,S01,P002,C01,PR00,5,3818200
L00480,T10480,2026-06-29,S03,P005,C02,PR15,4,1972700
L00498,T10498,2026-06-29,S03,P011,C02,PR15,2,103300
L00598,T10598,2026-06-29,S03,P013,C02,PR10,1,169800
L00832,T10832,2026-06-29,S01,P014,C01,PR00,2,522600
L00939,T10939,2026-06-29,S01,P015,C01,PR00,3,241100
L00113,T10113,2026-06-30,S02,P017,C01,PR00,3,351200
L00176,T10176,2026-06-30,S01,P007,C01,PR10,1,1210600
L00437,T10437,2026-06-30,S02,P007,C01,PR20,2,1082800
L00448,T10448,2026-06-30,S02,P012,C01,PR00,2,278200
L00491,T10491,2026-06-30,S02,P008,C01,PR20,1,774900
L00577,T10577,2026-06-30,S03,P007,C02,PR00,1,1368200
L00649,T10649,2026-06-30,S01,P005,C01,PR00,2,2299800
L00984,T10984,2026-06-30,S03,P016,C02,PR15,1,366600
